[
  {
    "username": "yahya1",
    "password": "yahya1",
    "easyScore": 10,
    "normalScore": 0,
    "hardScore": 0,
    "devilModeScore": 0,
    "time": 0,
    "imagePath": "src\\main\\resources\\profileImages\\Red.png",
    "isProfileCustom": false
  },
  {
    "username": "yahya12",
    "password": "yahya12",
    "easyScore": 0,
    "normalScore": 5020,
    "hardScore": 0,
    "devilModeScore": 0,
    "time": 0,
    "imagePath": "src\\main\\resources\\profileImages\\Red.png",
    "isProfileCustom": false
  },
  {
    "username": "yahya1234",
    "password": "yahya1234",
    "easyScore": 0,
    "normalScore": 120,
    "hardScore": 0,
    "devilModeScore": 0,
    "time": 2880,
    "imagePath": "src\\main\\resources\\profileImages\\Blue.png",
    "isProfileCustom": false
  }
]